,id,reason_for_absence,month_of_absence,day_of_the_week,seasons,transportation_expense,distance_from_residence_to_work,service_time,age,work_load_average/day,hit_target,disciplinary_failure,education,son,social_drinker,social_smoker,pet,weight,height,body_mass_index,absenteeism_time_in_hours,absence_category
0,11,26,7,3,1,289,36,13,33,239.554,97,0,1,2,1,0,1,90,172,30,4,1
1,36,0,7,3,1,118,13,18,50,239.554,97,1,1,1,1,0,0,98,178,31,0,0
2,3,23,7,4,1,179,51,18,38,239.554,97,0,1,0,1,0,0,89,170,31,2,1
3,7,7,7,5,1,279,5,14,39,239.554,97,0,1,2,1,1,0,68,168,24,4,1
4,11,23,7,5,1,289,36,13,33,239.554,97,0,1,2,1,0,1,90,172,30,2,1
5,3,23,7,6,1,179,51,18,38,239.554,97,0,1,0,1,0,0,89,170,31,2,1
6,10,22,7,6,1,361,52,3,28,239.554,97,0,1,1,1,0,4,80,172,27,8,2
7,20,23,7,6,1,260,50,11,36,239.554,97,0,1,4,1,0,0,65,168,23,4,1
8,14,19,7,2,1,155,12,14,34,239.554,97,0,1,2,1,0,0,95,196,25,40,4
9,1,22,7,2,1,235,11,14,37,239.554,97,0,3,1,0,0,1,88,172,29,8,2
10,20,1,7,2,1,260,50,11,36,239.554,97,0,1,4,1,0,0,65,168,23,8,2
11,20,1,7,3,1,260,50,11,36,239.554,97,0,1,4,1,0,0,65,168,23,8,2
12,20,11,7,4,1,260,50,11,36,239.554,97,0,1,4,1,0,0,65,168,23,8,2
13,3,11,7,4,1,179,51,18,38,239.554,97,0,1,0,1,0,0,89,170,31,1,1
14,3,23,7,4,1,179,51,18,38,239.554,97,0,1,0,1,0,0,89,170,31,4,1
15,24,14,7,6,1,246,25,16,41,239.554,97,0,1,0,1,0,0,67,170,23,8,2
16,3,23,7,6,1,179,51,18,38,239.554,97,0,1,0,1,0,0,89,170,31,2,1
17,3,21,7,2,1,179,51,18,38,239.554,97,0,1,0,1,0,0,89,170,31,8,2
18,6,11,7,5,1,189,29,13,33,239.554,97,0,1,2,0,0,2,69,167,25,8,2
19,33,23,8,4,1,248,25,14,47,205.917,92,0,1,2,0,0,1,86,165,32,2,1
20,18,10,8,4,1,330,16,4,28,205.917,92,0,2,0,0,0,0,84,182,25,8,2
21,3,11,8,2,1,179,51,18,38,205.917,92,0,1,0,1,0,0,89,170,31,1,1
22,10,13,8,2,1,361,52,3,28,205.917,92,0,1,1,1,0,4,80,172,27,40,4
23,20,28,8,6,1,260,50,11,36,205.917,92,0,1,4,1,0,0,65,168,23,4,1
24,11,18,8,2,1,289,36,13,33,205.917,92,0,1,2,1,0,1,90,172,30,8,2
25,10,25,8,2,1,361,52,3,28,205.917,92,0,1,1,1,0,4,80,172,27,7,2
26,11,23,8,3,1,289,36,13,33,205.917,92,0,1,2,1,0,1,90,172,30,1,1
27,30,28,8,4,1,157,27,6,29,205.917,92,0,1,0,1,1,0,75,185,22,4,1
28,11,18,8,4,1,289,36,13,33,205.917,92,0,1,2,1,0,1,90,172,30,8,2
29,3,23,8,6,1,179,51,18,38,205.917,92,0,1,0,1,0,0,89,170,31,2,1
30,3,18,8,2,1,179,51,18,38,205.917,92,0,1,0,1,0,0,89,170,31,8,2
31,2,18,8,5,1,235,29,12,48,205.917,92,0,1,1,0,1,5,88,163,33,8,2
32,1,23,8,5,1,235,11,14,37,205.917,92,0,3,1,0,0,1,88,172,29,4,1
33,2,18,8,2,1,235,29,12,48,205.917,92,0,1,1,0,1,5,88,163,33,8,2
34,3,23,8,2,1,179,51,18,38,205.917,92,0,1,0,1,0,0,89,170,31,2,1
35,10,23,8,2,1,361,52,3,28,205.917,92,0,1,1,1,0,4,80,172,27,1,1
36,11,24,8,3,1,289,36,13,33,205.917,92,0,1,2,1,0,1,90,172,30,8,2
37,19,11,8,5,1,291,50,12,32,205.917,92,0,1,0,1,0,0,65,169,23,4,1
38,2,28,8,6,1,235,29,12,48,205.917,92,0,1,1,0,1,5,88,163,33,8,2
39,20,23,8,6,1,260,50,11,36,205.917,92,0,1,4,1,0,0,65,168,23,4,1
40,27,23,9,3,1,184,42,7,27,241.476,92,0,1,0,0,0,0,58,167,21,2,1
41,34,23,9,2,1,118,10,10,37,241.476,92,0,1,0,0,0,0,83,172,28,4,1
42,3,23,9,3,1,179,51,18,38,241.476,92,0,1,0,1,0,0,89,170,31,4,1
43,5,19,9,3,1,235,20,13,43,241.476,92,0,1,1,1,0,0,106,167,38,8,2
44,14,23,9,4,1,155,12,14,34,241.476,92,0,1,2,1,0,0,95,196,25,2,1
45,34,23,9,2,1,118,10,10,37,241.476,92,0,1,0,0,0,0,83,172,28,3,1
46,3,23,9,3,1,179,51,18,38,241.476,92,0,1,0,1,0,0,89,170,31,3,1
47,15,23,9,5,1,291,31,12,40,241.476,92,0,1,1,1,0,1,73,171,25,4,1
48,20,22,9,6,1,260,50,11,36,241.476,92,0,1,4,1,0,0,65,168,23,8,2
49,15,14,9,2,4,291,31,12,40,241.476,92,0,1,1,1,0,1,73,171,25,32,4
50,20,0,9,2,4,260,50,11,36,241.476,92,1,1,4,1,0,0,65,168,23,0,0
51,29,0,9,2,4,225,26,9,28,241.476,92,1,1,1,0,0,2,69,169,24,0,0
52,28,23,9,3,4,225,26,9,28,241.476,92,0,1,1,0,0,2,69,169,24,2,1
53,34,23,9,3,4,118,10,10,37,241.476,92,0,1,0,0,0,0,83,172,28,2,1
54,11,0,9,3,4,289,36,13,33,241.476,92,1,1,2,1,0,1,90,172,30,0,0
55,36,0,9,3,4,118,13,18,50,241.476,92,1,1,1,1,0,0,98,178,31,0,0
56,28,18,9,4,4,225,26,9,28,241.476,92,0,1,1,0,0,2,69,169,24,3,1
57,3,23,9,4,4,179,51,18,38,241.476,92,0,1,0,1,0,0,89,170,31,3,1
58,13,0,9,4,4,369,17,12,31,241.476,92,1,1,3,1,0,0,70,169,25,0,0
59,33,23,9,6,4,248,25,14,47,241.476,92,0,1,2,0,0,1,86,165,32,1,1
60,3,23,9,6,4,179,51,18,38,241.476,92,0,1,0,1,0,0,89,170,31,3,1
61,20,23,9,6,4,260,50,11,36,241.476,92,0,1,4,1,0,0,65,168,23,4,1
62,3,23,10,3,4,179,51,18,38,253.465,93,0,1,0,1,0,0,89,170,31,3,1
63,34,23,10,3,4,118,10,10,37,253.465,93,0,1,0,0,0,0,83,172,28,3,1
64,36,0,10,4,4,118,13,18,50,253.465,93,1,1,1,1,0,0,98,178,31,0,0
65,22,23,10,5,4,179,26,9,30,253.465,93,0,3,0,0,0,0,56,171,19,1,1
66,3,23,10,6,4,179,51,18,38,253.465,93,0,1,0,1,0,0,89,170,31,3,1
67,28,23,10,6,4,225,26,9,28,253.465,93,0,1,1,0,0,2,69,169,24,3,1
68,34,23,10,3,4,118,10,10,37,253.465,93,0,1,0,0,0,0,83,172,28,3,1
69,28,23,10,4,4,225,26,9,28,253.465,93,0,1,1,0,0,2,69,169,24,2,1
70,33,23,10,4,4,248,25,14,47,253.465,93,0,1,2,0,0,1,86,165,32,2,1
71,15,23,10,5,4,291,31,12,40,253.465,93,0,1,1,1,0,1,73,171,25,5,2
72,3,23,10,4,4,179,51,18,38,253.465,93,0,1,0,1,0,0,89,170,31,8,2
73,28,23,10,4,4,225,26,9,28,253.465,93,0,1,1,0,0,2,69,169,24,3,1
74,20,19,10,5,4,260,50,11,36,253.465,93,0,1,4,1,0,0,65,168,23,16,3
75,15,14,10,3,4,291,31,12,40,253.465,93,0,1,1,1,0,1,73,171,25,8,2
76,28,28,10,3,4,225,26,9,28,253.465,93,0,1,1,0,0,2,69,169,24,2,1
77,11,26,10,4,4,289,36,13,33,253.465,93,0,1,2,1,0,1,90,172,30,8,2
78,10,23,10,6,4,361,52,3,28,253.465,93,0,1,1,1,0,4,80,172,27,1,1
79,20,28,10,6,4,260,50,11,36,253.465,93,0,1,4,1,0,0,65,168,23,3,1
80,3,23,11,5,4,179,51,18,38,306.345,93,0,1,0,1,0,0,89,170,31,1,1
81,28,23,11,4,4,225,26,9,28,306.345,93,0,1,1,0,0,2,69,169,24,1,1
82,3,13,11,5,4,179,51,18,38,306.345,93,0,1,0,1,0,0,89,170,31,8,2
83,17,21,11,5,4,179,22,17,40,306.345,93,0,2,2,0,1,0,63,170,22,8,2
84,15,23,11,5,4,291,31,12,40,306.345,93,0,1,1,1,0,1,73,171,25,5,2
85,14,10,11,2,4,155,12,14,34,306.345,93,0,1,2,1,0,0,95,196,25,32,4
86,6,22,11,2,4,189,29,13,33,306.345,93,0,1,2,0,0,2,69,167,25,8,2
87,15,14,11,2,4,291,31,12,40,306.345,93,0,1,1,1,0,1,73,171,25,40,4
88,28,23,11,4,4,225,26,9,28,306.345,93,0,1,1,0,0,2,69,169,24,1,1
89,14,6,11,6,4,155,12,14,34,306.345,93,0,1,2,1,0,0,95,196,25,8,2
90,28,23,11,4,4,225,26,9,28,306.345,93,0,1,1,0,0,2,69,169,24,3,1
91,17,21,11,4,4,179,22,17,40,306.345,93,0,2,2,0,1,0,63,170,22,8,2
92,28,13,11,6,4,225,26,9,28,306.345,93,0,1,1,0,0,2,69,169,24,3,1
93,20,28,11,6,4,260,50,11,36,306.345,93,0,1,4,1,0,0,65,168,23,4,1
94,33,28,11,2,4,248,25,14,47,306.345,93,0,1,2,0,0,1,86,165,32,1,1
95,28,28,11,3,4,225,26,9,28,306.345,93,0,1,1,0,0,2,69,169,24,3,1
96,11,7,11,4,4,289,36,13,33,306.345,93,0,1,2,1,0,1,90,172,30,24,3
97,15,23,11,5,4,291,31,12,40,306.345,93,0,1,1,1,0,1,73,171,25,3,1
98,33,23,12,3,4,248,25,14,47,261.306,97,0,1,2,0,0,1,86,165,32,1,1
99,34,19,12,3,4,118,10,10,37,261.306,97,0,1,0,0,0,0,83,172,28,64,4
100,36,23,12,4,4,118,13,18,50,261.306,97,0,1,1,1,0,0,98,178,31,2,1
101,1,26,12,4,4,235,11,14,37,261.306,97,0,3,1,0,0,1,88,172,29,8,2
102,28,23,12,5,4,225,26,9,28,261.306,97,0,1,1,0,0,2,69,169,24,2,1
103,20,26,12,6,4,260,50,11,36,261.306,97,0,1,4,1,0,0,65,168,23,8,2
104,34,19,12,3,4,118,10,10,37,261.306,97,0,1,0,0,0,0,83,172,28,56,4
105,10,22,12,4,4,361,52,3,28,261.306,97,0,1,1,1,0,4,80,172,27,8,2
106,28,28,12,5,4,225,26,9,28,261.306,97,0,1,1,0,0,2,69,169,24,3,1
107,20,28,12,6,4,260,50,11,36,261.306,97,0,1,4,1,0,0,65,168,23,3,1
108,28,23,12,3,4,225,26,9,28,261.306,97,0,1,1,0,0,2,69,169,24,2,1
109,10,22,12,4,4,361,52,3,28,261.306,97,0,1,1,1,0,4,80,172,27,8,2
110,34,27,12,6,4,118,10,10,37,261.306,97,0,1,0,0,0,0,83,172,28,2,1
111,24,19,12,6,2,246,25,16,41,261.306,97,0,1,0,1,0,0,67,170,23,8,2
112,28,23,12,6,2,225,26,9,28,261.306,97,0,1,1,0,0,2,69,169,24,2,1
113,28,23,1,4,2,225,26,9,28,308.593,95,0,1,1,0,0,2,69,169,24,1,1
114,34,19,1,2,2,118,10,10,37,308.593,95,0,1,0,0,0,0,83,172,28,1,1
115,34,27,1,3,2,118,10,10,37,308.593,95,0,1,0,0,0,0,83,172,28,1,1
116,14,18,1,3,2,155,12,14,34,308.593,95,0,1,2,1,0,0,95,196,25,8,2
117,28,27,1,4,2,225,26,9,28,308.593,95,0,1,1,0,0,2,69,169,24,2,1
118,27,23,1,5,2,184,42,7,27,308.593,95,0,1,0,0,0,0,58,167,21,2,1
119,28,28,1,5,2,225,26,9,28,308.593,95,0,1,1,0,0,2,69,169,24,2,1
120,28,27,1,6,2,225,26,9,28,308.593,95,0,1,1,0,0,2,69,169,24,1,1
121,34,27,1,2,2,118,10,10,37,308.593,95,0,1,0,0,0,0,83,172,28,2,1
122,28,27,1,3,2,225,26,9,28,308.593,95,0,1,1,0,0,2,69,169,24,2,1
123,34,27,1,3,2,118,10,10,37,308.593,95,0,1,0,0,0,0,83,172,28,2,1
124,34,27,1,4,2,118,10,10,37,308.593,95,0,1,0,0,0,0,83,172,28,2,1
125,34,27,1,5,2,118,10,10,37,308.593,95,0,1,0,0,0,0,83,172,28,2,1
126,34,27,1,6,2,118,10,10,37,308.593,95,0,1,0,0,0,0,83,172,28,2,1
127,34,27,1,2,2,118,10,10,37,308.593,95,0,1,0,0,0,0,83,172,28,2,1
128,34,27,1,3,2,118,10,10,37,308.593,95,0,1,0,0,0,0,83,172,28,2,1
129,22,18,1,3,2,179,26,9,30,308.593,95,0,3,0,0,0,0,56,171,19,8,2
130,11,18,1,3,2,289,36,13,33,308.593,95,0,1,2,1,0,1,90,172,30,8,2
131,34,27,1,4,2,118,10,10,37,308.593,95,0,1,0,0,0,0,83,172,28,2,1
132,27,23,1,5,2,184,42,7,27,308.593,95,0,1,0,0,0,0,58,167,21,2,1
133,34,27,1,5,2,118,10,10,37,308.593,95,0,1,0,0,0,0,83,172,28,2,1
134,34,27,1,2,2,118,10,10,37,308.593,95,0,1,0,0,0,0,83,172,28,0,0
135,28,23,1,3,2,225,26,9,28,308.593,95,0,1,1,0,0,2,69,169,24,1,1
136,11,22,1,5,2,289,36,13,33,308.593,95,0,1,2,1,0,1,90,172,30,3,1
137,27,23,2,6,2,184,42,7,27,302.585,99,0,1,0,0,0,0,58,167,21,1,1
138,24,1,2,4,2,246,25,16,41,302.585,99,0,1,0,1,0,0,67,170,23,8,2
139,3,11,2,4,2,179,51,18,38,302.585,99,0,1,0,1,0,0,89,170,31,8,2
140,14,28,2,5,2,155,12,14,34,302.585,99,0,1,2,1,0,0,95,196,25,2,1
141,6,23,2,5,2,189,29,13,33,302.585,99,0,1,2,0,0,2,69,167,25,8,2
142,20,28,2,6,2,260,50,11,36,302.585,99,0,1,4,1,0,0,65,168,23,2,1
143,11,22,2,6,2,289,36,13,33,302.585,99,0,1,2,1,0,1,90,172,30,8,2
144,31,11,2,2,2,388,15,9,50,302.585,99,0,1,0,0,0,0,76,178,24,8,2
145,31,1,2,3,2,388,15,9,50,302.585,99,0,1,0,0,0,0,76,178,24,8,2
146,28,28,2,2,2,225,26,9,28,302.585,99,0,1,1,0,0,2,69,169,24,2,1
147,28,23,2,3,2,225,26,9,28,302.585,99,0,1,1,0,0,2,69,169,24,2,1
148,22,23,2,3,2,179,26,9,30,302.585,99,0,3,0,0,0,0,56,171,19,1,1
149,27,23,2,3,2,184,42,7,27,302.585,99,0,1,0,0,0,0,58,167,21,8,2
150,28,25,2,5,2,225,26,9,28,302.585,99,0,1,1,0,0,2,69,169,24,3,1
151,18,18,2,2,2,330,16,4,28,302.585,99,0,2,0,0,0,0,84,182,25,8,2
152,18,23,2,3,2,330,16,4,28,302.585,99,0,2,0,0,0,0,84,182,25,1,1
153,28,23,2,4,2,225,26,9,28,302.585,99,0,1,1,0,0,2,69,169,24,1,1
154,6,19,2,5,2,189,29,13,33,302.585,99,0,1,2,0,0,2,69,167,25,8,2
155,19,28,3,3,2,291,50,12,32,343.253,95,0,1,0,1,0,0,65,169,23,2,1
156,20,19,3,3,2,260,50,11,36,343.253,95,0,1,4,1,0,0,65,168,23,8,2
157,30,19,3,3,2,157,27,6,29,343.253,95,0,1,0,1,1,0,75,185,22,3,1
158,17,17,3,3,2,179,22,17,40,343.253,95,0,2,2,0,1,0,63,170,22,8,2
159,15,22,3,4,2,291,31,12,40,343.253,95,0,1,1,1,0,1,73,171,25,8,2
160,20,13,3,4,2,260,50,11,36,343.253,95,0,1,4,1,0,0,65,168,23,8,2
161,22,13,3,5,2,179,26,9,30,343.253,95,0,3,0,0,0,0,56,171,19,8,2
162,33,14,3,6,2,248,25,14,47,343.253,95,0,1,2,0,0,1,86,165,32,3,1
163,20,13,3,6,2,260,50,11,36,343.253,95,0,1,4,1,0,0,65,168,23,40,4
164,17,11,3,2,2,179,22,17,40,343.253,95,0,2,2,0,1,0,63,170,22,40,4
165,14,1,3,2,2,155,12,14,34,343.253,95,0,1,2,1,0,0,95,196,25,16,3
166,20,26,3,2,2,260,50,11,36,343.253,95,0,1,4,1,0,0,65,168,23,16,3
167,14,13,3,3,2,155,12,14,34,343.253,95,0,1,2,1,0,0,95,196,25,8,2
168,11,6,3,5,2,289,36,13,33,343.253,95,0,1,2,1,0,1,90,172,30,8,2
169,17,8,3,5,2,179,22,17,40,343.253,95,0,2,2,0,1,0,63,170,22,8,2
170,20,28,3,6,2,260,50,11,36,343.253,95,0,1,4,1,0,0,65,168,23,4,1
171,28,23,3,6,2,225,26,9,28,343.253,95,0,1,1,0,0,2,69,169,24,1,1
172,7,14,3,2,2,279,5,14,39,343.253,95,0,1,2,1,1,0,68,168,24,8,2
173,3,13,3,3,2,179,51,18,38,343.253,95,0,1,0,1,0,0,89,170,31,24,3
174,28,23,3,4,2,225,26,9,28,343.253,95,0,1,1,0,0,2,69,169,24,2,1
175,28,11,3,2,3,225,26,9,28,343.253,95,0,1,1,0,0,2,69,169,24,8,2
176,22,13,3,2,3,179,26,9,30,343.253,95,0,3,0,0,0,0,56,171,19,1,1
177,28,11,3,3,3,225,26,9,28,343.253,95,0,1,1,0,0,2,69,169,24,8,2
178,28,11,3,4,3,225,26,9,28,343.253,95,0,1,1,0,0,2,69,169,24,16,3
179,3,13,3,4,3,179,51,18,38,343.253,95,0,1,0,1,0,0,89,170,31,3,1
180,7,14,3,5,3,279,5,14,39,343.253,95,0,1,2,1,1,0,68,168,24,16,3
181,28,28,3,6,3,225,26,9,28,343.253,95,0,1,1,0,0,2,69,169,24,2,1
182,33,14,3,6,3,248,25,14,47,343.253,95,0,1,2,0,0,1,86,165,32,3,1
183,28,28,3,2,3,225,26,9,28,343.253,95,0,1,1,0,0,2,69,169,24,1,1
184,15,28,4,4,3,291,31,12,40,326.452,96,0,1,1,1,0,1,73,171,25,1,1
185,28,23,4,4,3,225,26,9,28,326.452,96,0,1,1,0,0,2,69,169,24,1,1
186,14,28,4,3,3,155,12,14,34,326.452,96,0,1,2,1,0,0,95,196,25,1,1
187,24,13,4,4,3,246,25,16,41,326.452,96,0,1,0,1,0,0,67,170,23,24,3
188,14,23,4,5,3,155,12,14,34,326.452,96,0,1,2,1,0,0,95,196,25,1,1
189,28,28,4,6,3,225,26,9,28,326.452,96,0,1,1,0,0,2,69,169,24,2,1
190,20,28,4,6,3,260,50,11,36,326.452,96,0,1,4,1,0,0,65,168,23,4,1
191,3,13,4,4,3,179,51,18,38,326.452,96,0,1,0,1,0,0,89,170,31,24,3
192,36,23,4,5,3,118,13,18,50,326.452,96,0,1,1,1,0,0,98,178,31,1,1
193,15,23,4,6,3,291,31,12,40,326.452,96,0,1,1,1,0,1,73,171,25,3,1
194,24,14,4,6,3,246,25,16,41,326.452,96,0,1,0,1,0,0,67,170,23,8,2
195,15,28,4,6,3,291,31,12,40,326.452,96,0,1,1,1,0,1,73,171,25,1,1
196,33,28,4,6,3,248,25,14,47,326.452,96,0,1,2,0,0,1,86,165,32,8,2
197,20,19,4,6,3,260,50,11,36,326.452,96,0,1,4,1,0,0,65,168,23,56,4
198,11,19,4,3,3,289,36,13,33,326.452,96,0,1,2,1,0,1,90,172,30,8,2
199,14,12,4,4,3,155,12,14,34,326.452,96,0,1,2,1,0,0,95,196,25,24,3
200,23,19,4,4,3,378,49,11,36,326.452,96,0,1,2,0,1,4,65,174,21,8,2
201,11,13,4,5,3,289,36,13,33,326.452,96,0,1,2,1,0,1,90,172,30,16,3
202,1,7,4,6,3,235,11,14,37,326.452,96,0,3,1,0,0,1,88,172,29,3,1
203,2,0,4,2,3,235,29,12,48,326.452,96,1,1,1,0,1,5,88,163,33,0,0
204,11,13,5,4,3,289,36,13,33,378.884,92,0,1,2,1,0,1,90,172,30,8,2
205,14,28,5,5,3,155,12,14,34,378.884,92,0,1,2,1,0,0,95,196,25,2,1
206,14,28,5,2,3,155,12,14,34,378.884,92,0,1,2,1,0,0,95,196,25,1,1
207,3,18,5,3,3,179,51,18,38,378.884,92,0,1,0,1,0,0,89,170,31,8,2
208,28,19,5,3,3,225,26,9,28,378.884,92,0,1,1,0,0,2,69,169,24,8,2
209,27,7,5,4,3,184,42,7,27,378.884,92,0,1,0,0,0,0,58,167,21,4,1
210,14,28,5,2,3,155,12,14,34,378.884,92,0,1,2,1,0,0,95,196,25,2,1
211,3,12,5,3,3,179,51,18,38,378.884,92,0,1,0,1,0,0,89,170,31,1,1
212,11,13,5,4,3,289,36,13,33,378.884,92,0,1,2,1,0,1,90,172,30,24,3
213,7,0,5,4,3,279,5,14,39,378.884,92,1,1,2,1,1,0,68,168,24,0,0
214,18,0,5,4,3,330,16,4,28,378.884,92,1,2,0,0,0,0,84,182,25,0,0
215,23,0,5,4,3,378,49,11,36,378.884,92,1,1,2,0,1,4,65,174,21,0,0
216,31,0,5,4,3,388,15,9,50,378.884,92,1,1,0,0,0,0,76,178,24,0,0
217,3,11,5,3,3,179,51,18,38,378.884,92,0,1,0,1,0,0,89,170,31,1,1
218,36,13,5,4,3,118,13,18,50,378.884,92,0,1,1,1,0,0,98,178,31,24,3
219,10,22,5,6,3,361,52,3,28,378.884,92,0,1,1,1,0,4,80,172,27,8,2
220,24,19,6,2,3,246,25,16,41,377.55,94,0,1,0,1,0,0,67,170,23,8,2
221,10,22,6,2,3,361,52,3,28,377.55,94,0,1,1,1,0,4,80,172,27,8,2
222,24,10,6,3,3,246,25,16,41,377.55,94,0,1,0,1,0,0,67,170,23,24,3
223,15,23,6,5,3,291,31,12,40,377.55,94,0,1,1,1,0,1,73,171,25,4,1
224,24,10,6,6,3,246,25,16,41,377.55,94,0,1,0,1,0,0,67,170,23,8,2
225,3,11,6,2,3,179,51,18,38,377.55,94,0,1,0,1,0,0,89,170,31,8,2
226,14,23,6,2,3,155,12,14,34,377.55,94,0,1,2,1,0,0,95,196,25,4,1
227,24,10,6,2,3,246,25,16,41,377.55,94,0,1,0,1,0,0,67,170,23,8,2
228,36,13,6,4,3,118,13,18,50,377.55,94,0,1,1,1,0,0,98,178,31,8,2
229,1,13,6,6,3,235,11,14,37,377.55,94,0,3,1,0,0,1,88,172,29,16,3
230,36,23,6,3,3,118,13,18,50,377.55,94,0,1,1,1,0,0,98,178,31,1,1
231,36,13,6,4,3,118,13,18,50,377.55,94,0,1,1,1,0,0,98,178,31,80,4
232,23,22,6,5,3,378,49,11,36,377.55,94,0,1,2,0,1,4,65,174,21,8,2
233,3,11,6,6,3,179,51,18,38,377.55,94,0,1,0,1,0,0,89,170,31,2,1
234,32,28,6,2,1,289,48,29,49,377.55,94,0,1,0,0,0,2,108,172,36,2,1
235,28,28,6,5,1,225,26,9,28,377.55,94,0,1,1,0,0,2,69,169,24,2,1
236,14,19,7,3,1,155,12,14,34,275.312,98,0,1,2,1,0,0,95,196,25,16,3
237,36,1,7,4,1,118,13,18,50,275.312,98,0,1,1,1,0,0,98,178,31,8,2
238,34,5,7,6,1,118,10,10,37,275.312,98,0,1,0,0,0,0,83,172,28,8,2
239,34,26,7,6,1,118,10,10,37,275.312,98,0,1,0,0,0,0,83,172,28,4,1
240,18,26,7,3,1,330,16,4,28,275.312,98,0,2,0,0,0,0,84,182,25,8,2
241,22,18,7,5,1,179,26,9,30,275.312,98,0,3,0,0,0,0,56,171,19,8,2
242,14,25,7,6,1,155,12,14,34,275.312,98,0,1,2,1,0,0,95,196,25,2,1
243,18,1,7,2,1,330,16,4,28,275.312,98,0,2,0,0,0,0,84,182,25,8,2
244,18,1,7,3,1,330,16,4,28,275.312,98,0,2,0,0,0,0,84,182,25,8,2
245,30,25,7,2,1,157,27,6,29,275.312,98,0,1,0,1,1,0,75,185,22,3,1
246,10,22,7,3,1,361,52,3,28,275.312,98,0,1,1,1,0,4,80,172,27,8,2
247,11,26,7,4,1,289,36,13,33,275.312,98,0,1,2,1,0,1,90,172,30,8,2
248,3,26,7,5,1,179,51,18,38,275.312,98,0,1,0,1,0,0,89,170,31,8,2
249,11,19,7,2,1,289,36,13,33,275.312,98,0,1,2,1,0,1,90,172,30,32,4
250,11,19,7,5,1,289,36,13,33,275.312,98,0,1,2,1,0,1,90,172,30,8,2
251,20,0,7,5,1,260,50,11,36,275.312,98,1,1,4,1,0,0,65,168,23,0,0
252,11,19,8,6,1,289,36,13,33,265.615,94,0,1,2,1,0,1,90,172,30,8,2
253,30,19,8,6,1,157,27,6,29,265.615,94,0,1,0,1,1,0,75,185,22,3,1
254,11,23,8,2,1,289,36,13,33,265.615,94,0,1,2,1,0,1,90,172,30,1,1
255,9,18,8,3,1,228,14,16,58,265.615,94,0,1,2,0,0,1,65,172,22,8,2
256,26,13,8,5,1,300,26,13,43,265.615,94,0,1,2,1,1,1,77,175,25,1,1
257,26,14,8,5,1,300,26,13,43,265.615,94,0,1,2,1,1,1,77,175,25,2,1
258,20,28,8,6,1,260,50,11,36,265.615,94,0,1,4,1,0,0,65,168,23,4,1
259,11,23,8,3,1,289,36,13,33,265.615,94,0,1,2,1,0,1,90,172,30,4,1
260,33,23,8,4,1,248,25,14,47,265.615,94,0,1,2,0,0,1,86,165,32,1,1
261,21,11,8,5,1,268,11,8,33,265.615,94,0,2,0,0,0,0,79,178,25,8,2
262,22,23,8,5,1,179,26,9,30,265.615,94,0,3,0,0,0,0,56,171,19,1,1
263,36,13,8,5,1,118,13,18,50,265.615,94,0,1,1,1,0,0,98,178,31,3,1
264,33,25,8,2,1,248,25,14,47,265.615,94,0,1,2,0,0,1,86,165,32,2,1
265,1,23,8,3,1,235,11,14,37,265.615,94,0,3,1,0,0,1,88,172,29,1,1
266,36,23,8,5,1,118,13,18,50,265.615,94,0,1,1,1,0,0,98,178,31,1,1
267,1,19,8,5,1,235,11,14,37,265.615,94,0,3,1,0,0,1,88,172,29,8,2
268,10,8,8,3,1,361,52,3,28,265.615,94,0,1,1,1,0,4,80,172,27,8,2
269,27,6,8,4,1,184,42,7,27,265.615,94,0,1,0,0,0,0,58,167,21,8,2
270,3,11,9,2,1,179,51,18,38,294.217,81,0,1,0,1,0,0,89,170,31,8,2
271,3,23,9,6,1,179,51,18,38,294.217,81,0,1,0,1,0,0,89,170,31,3,1
272,11,19,9,4,1,289,36,13,33,294.217,81,0,1,2,1,0,1,90,172,30,24,3
273,5,0,9,5,1,235,20,13,43,294.217,81,1,1,1,1,0,0,106,167,38,0,0
274,24,9,9,2,1,246,25,16,41,294.217,81,0,1,0,1,0,0,67,170,23,16,3
275,15,28,9,3,1,291,31,12,40,294.217,81,0,1,1,1,0,1,73,171,25,3,1
276,8,0,9,3,1,231,35,14,39,294.217,81,1,1,2,1,0,2,100,170,35,0,0
277,19,0,9,3,1,291,50,12,32,294.217,81,1,1,0,1,0,0,65,169,23,0,0
278,3,13,9,4,1,179,51,18,38,294.217,81,0,1,0,1,0,0,89,170,31,8,2
279,24,9,9,4,1,246,25,16,41,294.217,81,0,1,0,1,0,0,67,170,23,32,4
280,3,23,9,5,1,179,51,18,38,294.217,81,0,1,0,1,0,0,89,170,31,1,1
281,15,28,9,6,1,291,31,12,40,294.217,81,0,1,1,1,0,1,73,171,25,4,1
282,20,28,9,6,1,260,50,11,36,294.217,81,0,1,4,1,0,0,65,168,23,4,1
283,5,26,9,4,4,235,20,13,43,294.217,81,0,1,1,1,0,0,106,167,38,8,2
284,36,28,9,5,4,118,13,18,50,294.217,81,0,1,1,1,0,0,98,178,31,1,1
285,5,0,9,5,4,235,20,13,43,294.217,81,1,1,1,1,0,0,106,167,38,0,0
286,15,28,9,6,4,291,31,12,40,294.217,81,0,1,1,1,0,1,73,171,25,3,1
287,15,7,9,2,4,291,31,12,40,294.217,81,0,1,1,1,0,1,73,171,25,40,4
288,3,13,9,2,4,179,51,18,38,294.217,81,0,1,0,1,0,0,89,170,31,8,2
289,11,24,10,2,4,289,36,13,33,265.017,88,0,1,2,1,0,1,90,172,30,8,2
290,1,26,10,2,4,235,11,14,37,265.017,88,0,3,1,0,0,1,88,172,29,4,1
291,11,26,10,2,4,289,36,13,33,265.017,88,0,1,2,1,0,1,90,172,30,8,2
292,11,22,10,6,4,289,36,13,33,265.017,88,0,1,2,1,0,1,90,172,30,8,2
293,36,0,10,6,4,118,13,18,50,265.017,88,1,1,1,1,0,0,98,178,31,0,0
294,33,0,10,6,4,248,25,14,47,265.017,88,1,1,2,0,0,1,86,165,32,0,0
295,22,1,10,2,4,179,26,9,30,265.017,88,0,3,0,0,0,0,56,171,19,8,2
296,34,7,10,2,4,118,10,10,37,265.017,88,0,1,0,0,0,0,83,172,28,3,1
297,13,22,10,2,4,369,17,12,31,265.017,88,0,1,3,1,0,0,70,169,25,8,2
298,3,28,10,4,4,179,51,18,38,265.017,88,0,1,0,1,0,0,89,170,31,1,1
299,22,1,10,4,4,179,26,9,30,265.017,88,0,3,0,0,0,0,56,171,19,64,4
300,5,0,10,4,4,235,20,13,43,265.017,88,1,1,1,1,0,0,106,167,38,0,0
301,11,19,10,5,4,289,36,13,33,265.017,88,0,1,2,1,0,1,90,172,30,16,3
302,20,28,10,6,4,260,50,11,36,265.017,88,0,1,4,1,0,0,65,168,23,3,1
303,5,0,10,6,4,235,20,13,43,265.017,88,1,1,1,1,0,0,106,167,38,0,0
304,5,23,10,2,4,235,20,13,43,265.017,88,0,1,1,1,0,0,106,167,38,2,1
305,5,23,10,2,4,235,20,13,43,265.017,88,0,1,1,1,0,0,106,167,38,2,1
306,36,28,10,3,4,118,13,18,50,265.017,88,0,1,1,1,0,0,98,178,31,1,1
307,15,28,10,3,4,291,31,12,40,265.017,88,0,1,1,1,0,1,73,171,25,4,1
308,22,23,10,5,4,179,26,9,30,265.017,88,0,3,0,0,0,0,56,171,19,16,3
309,36,28,10,5,4,118,13,18,50,265.017,88,0,1,1,1,0,0,98,178,31,1,1
310,10,10,10,2,4,361,52,3,28,265.017,88,0,1,1,1,0,4,80,172,27,8,2
311,20,0,10,3,4,260,50,11,36,265.017,88,1,1,4,1,0,0,65,168,23,0,0
312,15,0,10,3,4,291,31,12,40,265.017,88,1,1,1,1,0,1,73,171,25,0,0
313,30,0,10,3,4,157,27,6,29,265.017,88,1,1,0,1,1,0,75,185,22,0,0
314,22,1,10,4,4,179,26,9,30,265.017,88,0,3,0,0,0,0,56,171,19,5,2
315,22,7,10,4,4,179,26,9,30,265.017,88,0,3,0,0,0,0,56,171,19,5,2
316,36,23,10,5,4,118,13,18,50,265.017,88,0,1,1,1,0,0,98,178,31,1,1
317,34,11,11,2,4,118,10,10,37,284.031,97,0,1,0,0,0,0,83,172,28,8,2
318,33,23,11,2,4,248,25,14,47,284.031,97,0,1,2,0,0,1,86,165,32,2,1
319,3,6,11,3,4,179,51,18,38,284.031,97,0,1,0,1,0,0,89,170,31,8,2
320,20,28,11,6,4,260,50,11,36,284.031,97,0,1,4,1,0,0,65,168,23,3,1
321,15,23,11,2,4,291,31,12,40,284.031,97,0,1,1,1,0,1,73,171,25,1,1
322,23,1,11,2,4,378,49,11,36,284.031,97,0,1,2,0,1,4,65,174,21,8,2
323,14,11,11,2,4,155,12,14,34,284.031,97,0,1,2,1,0,0,95,196,25,120,4
324,5,26,11,2,4,235,20,13,43,284.031,97,0,1,1,1,0,0,106,167,38,8,2
325,18,0,11,3,4,330,16,4,28,284.031,97,1,2,0,0,0,0,84,182,25,0,0
326,1,18,11,4,4,235,11,14,37,284.031,97,0,3,1,0,0,1,88,172,29,1,1
327,34,11,11,4,4,118,10,10,37,284.031,97,0,1,0,0,0,0,83,172,28,3,1
328,1,25,11,5,4,235,11,14,37,284.031,97,0,3,1,0,0,1,88,172,29,2,1
329,3,28,11,5,4,179,51,18,38,284.031,97,0,1,0,1,0,0,89,170,31,3,1
330,24,13,11,6,4,246,25,16,41,284.031,97,0,1,0,1,0,0,67,170,23,8,2
331,15,12,11,6,4,291,31,12,40,284.031,97,0,1,1,1,0,1,73,171,25,4,1
332,24,13,11,2,4,246,25,16,41,284.031,97,0,1,0,1,0,0,67,170,23,8,2
333,3,28,11,3,4,179,51,18,38,284.031,97,0,1,0,1,0,0,89,170,31,1,1
334,20,10,11,4,4,260,50,11,36,284.031,97,0,1,4,1,0,0,65,168,23,8,2
335,20,15,11,6,4,260,50,11,36,284.031,97,0,1,4,1,0,0,65,168,23,8,2
336,23,0,11,6,4,378,49,11,36,284.031,97,1,1,2,0,1,4,65,174,21,0,0
337,7,0,11,3,4,279,5,14,39,284.031,97,1,1,2,1,1,0,68,168,24,0,0
338,3,23,11,5,4,179,51,18,38,284.031,97,0,1,0,1,0,0,89,170,31,1,1
339,28,12,12,2,4,225,26,9,28,236.629,93,0,1,1,0,0,2,69,169,24,3,1
340,3,28,12,2,4,179,51,18,38,236.629,93,0,1,0,1,0,0,89,170,31,2,1
341,3,28,12,2,4,179,51,18,38,236.629,93,0,1,0,1,0,0,89,170,31,1,1
342,1,23,12,2,4,235,11,14,37,236.629,93,0,3,1,0,0,1,88,172,29,3,1
343,36,28,12,3,4,118,13,18,50,236.629,93,0,1,1,1,0,0,98,178,31,1,1
344,20,28,12,6,4,260,50,11,36,236.629,93,0,1,4,1,0,0,65,168,23,4,1
345,24,4,12,5,4,246,25,16,41,236.629,93,0,1,0,1,0,0,67,170,23,8,2
346,3,28,12,5,4,179,51,18,38,236.629,93,0,1,0,1,0,0,89,170,31,1,1
347,3,28,12,6,4,179,51,18,38,236.629,93,0,1,0,1,0,0,89,170,31,1,1
348,22,23,12,3,4,179,26,9,30,236.629,93,0,3,0,0,0,0,56,171,19,1,1
349,34,25,12,3,4,118,10,10,37,236.629,93,0,1,0,0,0,0,83,172,28,8,2
350,1,25,12,5,4,235,11,14,37,236.629,93,0,3,1,0,0,1,88,172,29,2,1
351,3,28,12,6,4,179,51,18,38,236.629,93,0,1,0,1,0,0,89,170,31,1,1
352,5,13,12,3,2,235,20,13,43,236.629,93,0,1,1,1,0,0,106,167,38,8,2
353,1,14,12,3,2,235,11,14,37,236.629,93,0,3,1,0,0,1,88,172,29,4,1
354,20,26,12,4,2,260,50,11,36,236.629,93,0,1,4,1,0,0,65,168,23,8,2
355,30,28,12,2,2,157,27,6,29,236.629,93,0,1,0,1,1,0,75,185,22,2,1
356,3,28,12,2,2,179,51,18,38,236.629,93,0,1,0,1,0,0,89,170,31,3,1
357,11,19,12,2,2,289,36,13,33,236.629,93,0,1,2,1,0,1,90,172,30,8,2
358,28,23,1,4,2,225,26,9,28,330.061,100,0,1,1,0,0,2,69,169,24,5,2
359,34,19,1,2,2,118,10,10,37,330.061,100,0,1,0,0,0,0,83,172,28,32,4
360,14,23,1,2,2,155,12,14,34,330.061,100,0,1,2,1,0,0,95,196,25,2,1
361,1,13,1,3,2,235,11,14,37,330.061,100,0,3,1,0,0,1,88,172,29,1,1
362,14,23,1,3,2,155,12,14,34,330.061,100,0,1,2,1,0,0,95,196,25,4,1
363,11,26,1,2,2,289,36,13,33,330.061,100,0,1,2,1,0,1,90,172,30,8,2
364,15,3,1,4,2,291,31,12,40,330.061,100,0,1,1,1,0,1,73,171,25,8,2
365,5,26,1,2,2,235,20,13,43,330.061,100,0,1,1,1,0,0,106,167,38,8,2
366,36,26,1,2,2,118,13,18,50,330.061,100,0,1,1,1,0,0,98,178,31,4,1
367,3,28,1,4,2,179,51,18,38,330.061,100,0,1,0,1,0,0,89,170,31,1,1
368,3,28,1,6,2,179,51,18,38,330.061,100,0,1,0,1,0,0,89,170,31,1,1
369,34,28,2,3,2,118,10,10,37,251.818,96,0,1,0,0,0,0,83,172,28,2,1
370,3,27,2,4,2,179,51,18,38,251.818,96,0,1,0,1,0,0,89,170,31,3,1
371,28,7,2,4,2,225,26,9,28,251.818,96,0,1,1,0,0,2,69,169,24,1,1
372,11,22,2,6,2,289,36,13,33,251.818,96,0,1,2,1,0,1,90,172,30,3,1
373,20,28,2,6,2,260,50,11,36,251.818,96,0,1,4,1,0,0,65,168,23,3,1
374,3,23,2,6,2,179,51,18,38,251.818,96,0,1,0,1,0,0,89,170,31,3,1
375,3,27,2,2,2,179,51,18,38,251.818,96,0,1,0,1,0,0,89,170,31,2,1
376,3,27,2,4,2,179,51,18,38,251.818,96,0,1,0,1,0,0,89,170,31,3,1
377,3,10,2,5,2,179,51,18,38,251.818,96,0,1,0,1,0,0,89,170,31,8,2
378,24,26,2,5,2,246,25,16,41,251.818,96,0,1,0,1,0,0,67,170,23,8,2
379,3,27,2,6,2,179,51,18,38,251.818,96,0,1,0,1,0,0,89,170,31,3,1
380,6,22,2,2,2,189,29,13,33,251.818,96,0,1,2,0,0,2,69,167,25,8,2
381,3,27,2,2,2,179,51,18,38,251.818,96,0,1,0,1,0,0,89,170,31,3,1
382,24,23,2,3,2,246,25,16,41,251.818,96,0,1,0,1,0,0,67,170,23,2,1
383,15,23,2,3,2,291,31,12,40,251.818,96,0,1,1,1,0,1,73,171,25,2,1
384,30,11,2,4,2,157,27,6,29,251.818,96,0,1,0,1,1,0,75,185,22,16,3
385,3,27,2,4,2,179,51,18,38,251.818,96,0,1,0,1,0,0,89,170,31,3,1
386,3,27,2,6,2,179,51,18,38,251.818,96,0,1,0,1,0,0,89,170,31,3,1
387,24,10,2,6,2,246,25,16,41,251.818,96,0,1,0,1,0,0,67,170,23,24,3
388,3,27,2,4,2,179,51,18,38,251.818,96,0,1,0,1,0,0,89,170,31,3,1
389,3,27,2,6,2,179,51,18,38,251.818,96,0,1,0,1,0,0,89,170,31,3,1
390,34,18,3,3,2,118,10,10,37,244.387,98,0,1,0,0,0,0,83,172,28,8,2
391,24,19,3,4,2,246,25,16,41,244.387,98,0,1,0,1,0,0,67,170,23,16,3
392,24,28,3,6,2,246,25,16,41,244.387,98,0,1,0,1,0,0,67,170,23,2,1
393,20,28,3,6,2,260,50,11,36,244.387,98,0,1,4,1,0,0,65,168,23,4,1
394,3,28,3,2,2,179,51,18,38,244.387,98,0,1,0,1,0,0,89,170,31,2,1
395,1,22,3,2,2,235,11,14,37,244.387,98,0,3,1,0,0,1,88,172,29,8,2
396,17,22,3,3,2,179,22,17,40,244.387,98,0,2,2,0,1,0,63,170,22,8,2
397,23,22,3,3,2,378,49,11,36,244.387,98,0,1,2,0,1,4,65,174,21,8,2
398,3,28,3,2,2,179,51,18,38,244.387,98,0,1,0,1,0,0,89,170,31,16,3
399,10,22,3,4,2,361,52,3,28,244.387,98,0,1,1,1,0,4,80,172,27,8,2
400,13,0,3,4,2,369,17,12,31,244.387,98,1,1,3,1,0,0,70,169,25,0,0
401,1,21,3,5,2,235,11,14,37,244.387,98,0,3,1,0,0,1,88,172,29,8,2
402,36,23,3,6,3,118,13,18,50,244.387,98,0,1,1,1,0,0,98,178,31,2,1
403,36,14,3,3,3,118,13,18,50,244.387,98,0,1,1,1,0,0,98,178,31,3,1
404,36,13,3,4,3,118,13,18,50,244.387,98,0,1,1,1,0,0,98,178,31,8,2
405,1,0,3,5,3,235,11,14,37,244.387,98,1,3,1,0,0,1,88,172,29,0,0
406,24,0,3,5,3,246,25,16,41,244.387,98,1,1,0,1,0,0,67,170,23,0,0
407,36,0,3,5,3,118,13,18,50,244.387,98,1,1,1,1,0,0,98,178,31,0,0
408,3,28,3,6,3,179,51,18,38,244.387,98,0,1,0,1,0,0,89,170,31,8,2
409,11,22,3,6,3,289,36,13,33,244.387,98,0,1,2,1,0,1,90,172,30,8,2
410,20,19,3,2,3,260,50,11,36,244.387,98,0,1,4,1,0,0,65,168,23,8,2
411,24,28,3,3,3,246,25,16,41,244.387,98,0,1,0,1,0,0,67,170,23,2,1
412,3,28,4,4,3,179,51,18,38,239.409,98,0,1,0,1,0,0,89,170,31,4,1
413,20,28,4,6,3,260,50,11,36,239.409,98,0,1,4,1,0,0,65,168,23,3,1
414,18,26,4,6,3,330,16,4,28,239.409,98,0,2,0,0,0,0,84,182,25,4,1
415,13,22,4,2,3,369,17,12,31,239.409,98,0,1,3,1,0,0,70,169,25,4,1
416,33,26,4,2,3,248,25,14,47,239.409,98,0,1,2,0,0,1,86,165,32,4,1
417,18,23,4,4,3,330,16,4,28,239.409,98,0,2,0,0,0,0,84,182,25,8,2
418,3,28,4,4,3,179,51,18,38,239.409,98,0,1,0,1,0,0,89,170,31,8,2
419,36,23,4,2,3,118,13,18,50,239.409,98,0,1,1,1,0,0,98,178,31,1,1
420,36,13,4,4,3,118,13,18,50,239.409,98,0,1,1,1,0,0,98,178,31,120,4
421,26,28,4,6,3,300,26,13,43,239.409,98,0,1,2,1,1,1,77,175,25,8,2
422,20,28,4,6,3,260,50,11,36,239.409,98,0,1,4,1,0,0,65,168,23,4,1
423,3,28,4,2,3,179,51,18,38,239.409,98,0,1,0,1,0,0,89,170,31,4,1
424,34,11,4,4,3,118,10,10,37,239.409,98,0,1,0,0,0,0,83,172,28,2,1
425,5,13,5,2,3,235,20,13,43,246.074,99,0,1,1,1,0,0,106,167,38,16,3
426,33,23,5,4,3,248,25,14,47,246.074,99,0,1,2,0,0,1,86,165,32,2,1
427,13,10,5,2,3,369,17,12,31,246.074,99,0,1,3,1,0,0,70,169,25,8,2
428,22,23,5,4,3,179,26,9,30,246.074,99,0,3,0,0,0,0,56,171,19,3,1
429,3,28,5,4,3,179,51,18,38,246.074,99,0,1,0,1,0,0,89,170,31,4,1
430,10,23,5,5,3,361,52,3,28,246.074,99,0,1,1,1,0,4,80,172,27,1,1
431,20,28,5,6,3,260,50,11,36,246.074,99,0,1,4,1,0,0,65,168,23,3,1
432,17,11,5,2,3,179,22,17,40,246.074,99,0,2,2,0,1,0,63,170,22,2,1
433,17,8,5,2,3,179,22,17,40,246.074,99,0,2,2,0,1,0,63,170,22,3,1
434,9,18,5,4,3,228,14,16,58,246.074,99,0,1,2,0,0,1,65,172,22,8,2
435,28,25,5,4,3,225,26,9,28,246.074,99,0,1,1,0,0,2,69,169,24,3,1
436,18,13,5,6,3,330,16,4,28,246.074,99,0,2,0,0,0,0,84,182,25,8,2
437,22,25,5,2,3,179,26,9,30,246.074,99,0,3,0,0,0,0,56,171,19,2,1
438,34,28,5,2,3,118,10,10,37,246.074,99,0,1,0,0,0,0,83,172,28,1,1
439,1,1,5,2,3,235,11,14,37,246.074,99,0,3,1,0,0,1,88,172,29,8,2
440,22,23,5,4,3,179,26,9,30,246.074,99,0,3,0,0,0,0,56,171,19,3,1
441,34,23,6,2,3,118,10,10,37,253.957,95,0,1,0,0,0,0,83,172,28,3,1
442,3,28,6,2,3,179,51,18,38,253.957,95,0,1,0,1,0,0,89,170,31,3,1
443,34,28,6,3,3,118,10,10,37,253.957,95,0,1,0,0,0,0,83,172,28,2,1
444,28,23,6,5,3,225,26,9,28,253.957,95,0,1,1,0,0,2,69,169,24,4,1
445,20,28,6,6,3,260,50,11,36,253.957,95,0,1,4,1,0,0,65,168,23,4,1
446,3,0,6,6,3,179,51,18,38,253.957,95,1,1,0,1,0,0,89,170,31,0,0
447,15,13,6,2,3,291,31,12,40,253.957,95,0,1,1,1,0,1,73,171,25,40,4
448,3,28,6,2,3,179,51,18,38,253.957,95,0,1,0,1,0,0,89,170,31,24,3
449,24,28,6,3,3,246,25,16,41,253.957,95,0,1,0,1,0,0,67,170,23,3,1
450,3,28,6,2,3,179,51,18,38,253.957,95,0,1,0,1,0,0,89,170,31,4,1
451,5,26,6,3,3,235,20,13,43,253.957,95,0,1,1,1,0,0,106,167,38,8,2
452,3,28,6,2,1,179,51,18,38,253.957,95,0,1,0,1,0,0,89,170,31,2,1
453,28,23,6,4,1,225,26,9,28,253.957,95,0,1,1,0,0,2,69,169,24,2,1
454,36,23,6,4,1,118,13,18,50,253.957,95,0,1,1,1,0,0,98,178,31,2,1
455,3,5,6,4,1,179,51,18,38,253.957,95,0,1,0,1,0,0,89,170,31,8,2
456,22,21,6,4,1,179,26,9,30,253.957,95,0,3,0,0,0,0,56,171,19,2,1
457,24,28,6,6,1,246,25,16,41,253.957,95,0,1,0,1,0,0,67,170,23,2,1
458,18,11,6,3,1,330,16,4,28,253.957,95,0,2,0,0,0,0,84,182,25,1,1
459,1,13,6,3,1,235,11,14,37,253.957,95,0,3,1,0,0,1,88,172,29,8,2
460,22,23,7,5,1,179,26,9,30,230.29,92,0,3,0,0,0,0,56,171,19,2,1
461,28,25,7,5,1,225,26,9,28,230.29,92,0,1,1,0,0,2,69,169,24,4,1
462,20,13,7,6,1,260,50,11,36,230.29,92,0,1,4,1,0,0,65,168,23,8,2
463,21,7,7,2,1,268,11,8,33,230.29,92,0,2,0,0,0,0,79,178,25,8,2
464,18,25,7,6,1,330,16,4,28,230.29,92,0,2,0,0,0,0,84,182,25,8,2
465,34,26,7,6,1,118,10,10,37,230.29,92,0,1,0,0,0,0,83,172,28,8,2
466,20,26,7,2,1,260,50,11,36,230.29,92,0,1,4,1,0,0,65,168,23,4,1
467,34,28,7,3,1,118,10,10,37,230.29,92,0,1,0,0,0,0,83,172,28,8,2
468,26,15,7,2,1,300,26,13,43,230.29,92,0,1,2,1,1,1,77,175,25,8,2
469,2,23,7,2,1,235,29,12,48,230.29,92,0,1,1,0,1,5,88,163,33,1,1
470,24,28,7,3,1,246,25,16,41,230.29,92,0,1,0,1,0,0,67,170,23,2,1
471,28,9,7,3,1,225,26,9,28,230.29,92,0,1,1,0,0,2,69,169,24,112,4
472,3,28,7,3,1,179,51,18,38,230.29,92,0,1,0,1,0,0,89,170,31,1,1
473,36,23,7,6,1,118,13,18,50,230.29,92,0,1,1,1,0,0,98,178,31,1,1
474,10,22,7,6,1,361,52,3,28,230.29,92,0,1,1,1,0,4,80,172,27,8,2
475,11,22,7,2,1,289,36,13,33,230.29,92,0,1,2,1,0,1,90,172,30,8,2
476,5,26,7,2,1,235,20,13,43,230.29,92,0,1,1,1,0,0,106,167,38,8,2
477,24,28,7,3,1,246,25,16,41,230.29,92,0,1,0,1,0,0,67,170,23,2,1
478,15,28,7,5,1,291,31,12,40,230.29,92,0,1,1,1,0,1,73,171,25,1,1
479,7,23,7,5,1,279,5,14,39,230.29,92,0,1,2,1,1,0,68,168,24,2,1
480,3,25,8,5,1,179,51,18,38,249.797,93,0,1,0,1,0,0,89,170,31,4,1
481,17,25,8,2,1,179,22,17,40,249.797,93,0,2,2,0,1,0,63,170,22,1,1
482,24,28,8,3,1,246,25,16,41,249.797,93,0,1,0,1,0,0,67,170,23,4,1
483,34,28,8,3,1,118,10,10,37,249.797,93,0,1,0,0,0,0,83,172,28,4,1
484,11,26,8,3,1,289,36,13,33,249.797,93,0,1,2,1,0,1,90,172,30,8,2
485,5,26,8,3,1,235,20,13,43,249.797,93,0,1,1,1,0,0,106,167,38,8,2
486,15,28,8,5,1,291,31,12,40,249.797,93,0,1,1,1,0,1,73,171,25,4,1
487,3,25,8,2,1,179,51,18,38,249.797,93,0,1,0,1,0,0,89,170,31,4,1
488,17,25,8,3,1,179,22,17,40,249.797,93,0,2,2,0,1,0,63,170,22,8,2
489,18,23,8,5,1,330,16,4,28,249.797,93,0,2,0,0,0,0,84,182,25,16,3
490,1,23,8,3,1,235,11,14,37,249.797,93,0,3,1,0,0,1,88,172,29,4,1
491,24,28,8,3,1,246,25,16,41,249.797,93,0,1,0,1,0,0,67,170,23,1,1
492,34,28,8,3,1,118,10,10,37,249.797,93,0,1,0,0,0,0,83,172,28,5,2
493,15,28,8,5,1,291,31,12,40,249.797,93,0,1,1,1,0,1,73,171,25,2,1
494,20,28,8,2,1,260,50,11,36,249.797,93,0,1,4,1,0,0,65,168,23,3,1
495,24,28,9,3,1,246,25,16,41,261.756,87,0,1,0,1,0,0,67,170,23,1,1
496,24,28,9,3,1,246,25,16,41,261.756,87,0,1,0,1,0,0,67,170,23,1,1
497,34,28,9,3,1,118,10,10,37,261.756,87,0,1,0,0,0,0,83,172,28,3,1
498,14,23,9,3,1,155,12,14,34,261.756,87,0,1,2,1,0,0,95,196,25,2,1
499,15,28,9,5,1,291,31,12,40,261.756,87,0,1,1,1,0,1,73,171,25,2,1
500,22,23,9,6,1,179,26,9,30,261.756,87,0,3,0,0,0,0,56,171,19,8,2
501,33,23,9,6,1,248,25,14,47,261.756,87,0,1,2,0,0,1,86,165,32,1,1
502,3,23,9,2,1,179,51,18,38,261.756,87,0,1,0,1,0,0,89,170,31,4,1
503,28,23,9,4,1,225,26,9,28,261.756,87,0,1,1,0,0,2,69,169,24,1,1
504,22,23,9,2,1,179,26,9,30,261.756,87,0,3,0,0,0,0,56,171,19,2,1
505,13,23,9,3,4,369,17,12,31,261.756,87,0,1,3,1,0,0,70,169,25,8,2
506,10,22,9,3,4,361,52,3,28,261.756,87,0,1,1,1,0,4,80,172,27,8,2
507,32,4,10,5,4,289,48,29,49,284.853,91,0,1,0,0,0,2,108,172,36,1,1
508,25,11,10,5,4,235,16,8,32,284.853,91,0,3,0,0,0,0,75,178,25,3,1
509,24,26,10,6,4,246,25,16,41,284.853,91,0,1,0,1,0,0,67,170,23,8,2
510,32,14,10,4,4,289,48,29,49,284.853,91,0,1,0,0,0,2,108,172,36,3,1
511,15,28,10,4,4,291,31,12,40,284.853,91,0,1,1,1,0,1,73,171,25,2,1
512,34,23,10,3,4,118,10,10,37,284.853,91,0,1,0,0,0,0,83,172,28,2,1
513,32,23,10,5,4,289,48,29,49,284.853,91,0,1,0,0,0,2,108,172,36,2,1
514,15,23,10,6,4,291,31,12,40,284.853,91,0,1,1,1,0,1,73,171,25,1,1
515,28,23,10,3,4,225,26,9,28,284.853,91,0,1,1,0,0,2,69,169,24,2,1
516,13,23,10,3,4,369,17,12,31,284.853,91,0,1,3,1,0,0,70,169,25,8,2
517,13,23,10,3,4,369,17,12,31,284.853,91,0,1,3,1,0,0,70,169,25,3,1
518,28,23,10,3,4,225,26,9,28,284.853,91,0,1,1,0,0,2,69,169,24,4,1
519,13,26,10,3,4,369,17,12,31,284.853,91,0,1,3,1,0,0,70,169,25,8,2
520,3,28,10,4,4,179,51,18,38,284.853,91,0,1,0,1,0,0,89,170,31,3,1
521,9,1,10,4,4,228,14,16,58,284.853,91,0,1,2,0,0,1,65,172,22,1,1
522,15,23,10,4,4,291,31,12,40,284.853,91,0,1,1,1,0,1,73,171,25,1,1
523,13,10,10,5,4,369,17,12,31,284.853,91,0,1,3,1,0,0,70,169,25,8,2
524,28,13,10,5,4,225,26,9,28,284.853,91,0,1,1,0,0,2,69,169,24,1,1
525,13,10,10,6,4,369,17,12,31,284.853,91,0,1,3,1,0,0,70,169,25,8,2
526,28,10,10,6,4,225,26,9,28,284.853,91,0,1,1,0,0,2,69,169,24,3,1
527,6,23,10,2,4,189,29,13,33,284.853,91,0,1,2,0,0,2,69,167,25,8,2
528,25,6,10,2,4,235,16,8,32,284.853,91,0,3,0,0,0,0,75,178,25,8,2
529,33,10,10,2,4,248,25,14,47,284.853,91,0,1,2,0,0,1,86,165,32,8,2
530,28,0,10,2,4,225,26,9,28,284.853,91,1,1,1,0,0,2,69,169,24,0,0
531,28,13,10,3,4,225,26,9,28,284.853,91,0,1,1,0,0,2,69,169,24,3,1
532,3,21,11,3,4,179,51,18,38,268.519,93,0,1,0,1,0,0,89,170,31,1,1
533,34,28,11,4,4,118,10,10,37,268.519,93,0,1,0,0,0,0,83,172,28,3,1
534,18,2,11,4,4,330,16,4,28,268.519,93,0,2,0,0,0,0,84,182,25,24,3
535,3,28,11,6,4,179,51,18,38,268.519,93,0,1,0,1,0,0,89,170,31,1,1
536,34,9,11,3,4,118,10,10,37,268.519,93,0,1,0,0,0,0,83,172,28,8,2
537,11,24,11,4,4,289,36,13,33,268.519,93,0,1,2,1,0,1,90,172,30,8,2
538,25,1,11,6,4,235,16,8,32,268.519,93,0,3,0,0,0,0,75,178,25,8,2
539,28,23,11,6,4,225,26,9,28,268.519,93,0,1,1,0,0,2,69,169,24,4,1
540,10,22,11,3,4,361,52,3,28,268.519,93,0,1,1,1,0,4,80,172,27,8,2
541,15,28,11,4,4,291,31,12,40,268.519,93,0,1,1,1,0,1,73,171,25,2,1
542,34,13,11,5,4,118,10,10,37,268.519,93,0,1,0,0,0,0,83,172,28,2,1
543,28,14,11,5,4,225,26,9,28,268.519,93,0,1,1,0,0,2,69,169,24,3,1
544,3,28,11,2,4,179,51,18,38,268.519,93,0,1,0,1,0,0,89,170,31,1,1
545,34,23,11,2,4,118,10,10,37,268.519,93,0,1,0,0,0,0,83,172,28,8,2
546,34,8,11,3,4,118,10,10,37,268.519,93,0,1,0,0,0,0,83,172,28,8,2
547,28,23,11,3,4,225,26,9,28,268.519,93,0,1,1,0,0,2,69,169,24,2,1
548,15,0,11,3,4,291,31,12,40,268.519,93,1,1,1,1,0,1,73,171,25,0,0
549,11,0,11,4,4,289,36,13,33,268.519,93,1,1,2,1,0,1,90,172,30,0,0
550,33,14,11,5,4,248,25,14,47,268.519,93,0,1,2,0,0,1,86,165,32,4,1
551,5,0,11,5,4,235,20,13,43,268.519,93,1,1,1,1,0,0,106,167,38,0,0
552,28,23,11,6,4,225,26,9,28,268.519,93,0,1,1,0,0,2,69,169,24,2,1
553,13,26,11,6,4,369,17,12,31,268.519,93,0,1,3,1,0,0,70,169,25,8,2
554,10,28,11,2,4,361,52,3,28,268.519,93,0,1,1,1,0,4,80,172,27,2,1
555,3,13,12,3,4,179,51,18,38,280.549,98,0,1,0,1,0,0,89,170,31,32,4
556,15,28,12,4,4,291,31,12,40,280.549,98,0,1,1,1,0,1,73,171,25,1,1
557,28,23,12,4,4,225,26,9,28,280.549,98,0,1,1,0,0,2,69,169,24,3,1
558,22,13,12,6,4,179,26,9,30,280.549,98,0,3,0,0,0,0,56,171,19,1,1
559,28,23,12,6,4,225,26,9,28,280.549,98,0,1,1,0,0,2,69,169,24,3,1
560,28,23,12,4,4,225,26,9,28,280.549,98,0,1,1,0,0,2,69,169,24,3,1
561,10,14,12,5,4,361,52,3,28,280.549,98,0,1,1,1,0,4,80,172,27,4,1
562,17,18,12,6,4,179,22,17,40,280.549,98,0,2,2,0,1,0,63,170,22,2,1
563,5,26,12,6,4,235,20,13,43,280.549,98,0,1,1,1,0,0,106,167,38,8,2
564,12,18,12,2,4,233,51,1,31,280.549,98,0,2,1,1,0,8,68,178,21,8,2
565,22,13,12,3,4,179,26,9,30,280.549,98,0,3,0,0,0,0,56,171,19,16,3
566,28,23,12,3,4,225,26,9,28,280.549,98,0,1,1,0,0,2,69,169,24,2,1
567,28,23,12,5,4,225,26,9,28,280.549,98,0,1,1,0,0,2,69,169,24,3,1
568,28,23,12,2,4,225,26,9,28,280.549,98,0,1,1,0,0,2,69,169,24,2,1
569,14,18,12,3,2,155,12,14,34,280.549,98,0,1,2,1,0,0,95,196,25,80,4
570,22,12,1,2,2,179,26,9,30,313.532,96,0,3,0,0,0,0,56,171,19,24,3
571,22,12,1,5,2,179,26,9,30,313.532,96,0,3,0,0,0,0,56,171,19,16,3
572,17,25,1,5,2,179,22,17,40,313.532,96,0,2,2,0,1,0,63,170,22,2,1
573,17,25,1,6,2,179,22,17,40,313.532,96,0,2,2,0,1,0,63,170,22,2,1
574,22,13,1,2,2,179,26,9,30,313.532,96,0,3,0,0,0,0,56,171,19,3,1
575,17,25,1,4,2,179,22,17,40,313.532,96,0,2,2,0,1,0,63,170,22,2,1
576,32,10,1,5,2,289,48,29,49,313.532,96,0,1,0,0,0,2,108,172,36,8,2
577,17,18,1,6,2,179,22,17,40,313.532,96,0,2,2,0,1,0,63,170,22,3,1
578,22,27,1,2,2,179,26,9,30,313.532,96,0,3,0,0,0,0,56,171,19,2,1
579,14,18,1,3,2,155,12,14,34,313.532,96,0,1,2,1,0,0,95,196,25,8,2
580,22,27,1,4,2,179,26,9,30,313.532,96,0,3,0,0,0,0,56,171,19,2,1
581,3,27,1,4,2,179,51,18,38,313.532,96,0,1,0,1,0,0,89,170,31,3,1
582,11,13,1,4,2,289,36,13,33,313.532,96,0,1,2,1,0,1,90,172,30,8,2
583,3,27,1,5,2,179,51,18,38,313.532,96,0,1,0,1,0,0,89,170,31,3,1
584,3,27,1,6,2,179,51,18,38,313.532,96,0,1,0,1,0,0,89,170,31,2,1
585,3,13,2,3,2,179,51,18,38,264.249,97,0,1,0,1,0,0,89,170,31,8,2
586,28,23,2,3,2,225,26,9,28,264.249,97,0,1,1,0,0,2,69,169,24,3,1
587,33,1,2,4,2,248,25,14,47,264.249,97,0,1,2,0,0,1,86,165,32,8,2
588,3,27,2,4,2,179,51,18,38,264.249,97,0,1,0,1,0,0,89,170,31,2,1
589,28,28,2,5,2,225,26,9,28,264.249,97,0,1,1,0,0,2,69,169,24,3,1
590,3,27,2,5,2,179,51,18,38,264.249,97,0,1,0,1,0,0,89,170,31,2,1
591,22,27,2,5,2,179,26,9,30,264.249,97,0,3,0,0,0,0,56,171,19,2,1
592,29,28,2,6,2,225,15,15,41,264.249,97,0,4,2,1,0,2,94,182,28,2,1
593,3,27,2,6,2,179,51,18,38,264.249,97,0,1,0,1,0,0,89,170,31,2,1
594,12,19,2,2,2,233,51,1,31,264.249,97,0,2,1,1,0,8,68,178,21,2,1
595,3,27,2,2,2,179,51,18,38,264.249,97,0,1,0,1,0,0,89,170,31,2,1
596,28,7,2,3,2,225,26,9,28,264.249,97,0,1,1,0,0,2,69,169,24,8,2
597,3,27,2,4,2,179,51,18,38,264.249,97,0,1,0,1,0,0,89,170,31,3,1
598,3,27,2,5,2,179,51,18,38,264.249,97,0,1,0,1,0,0,89,170,31,3,1
599,28,25,2,5,2,225,26,9,28,264.249,97,0,1,1,0,0,2,69,169,24,3,1
600,22,13,2,5,2,179,26,9,30,264.249,97,0,3,0,0,0,0,56,171,19,2,1
601,17,23,2,6,2,179,22,17,40,264.249,97,0,2,2,0,1,0,63,170,22,2,1
602,3,27,2,6,2,179,51,18,38,264.249,97,0,1,0,1,0,0,89,170,31,3,1
603,12,12,2,4,2,233,51,1,31,264.249,97,0,2,1,1,0,8,68,178,21,3,1
604,22,27,2,4,2,179,26,9,30,264.249,97,0,3,0,0,0,0,56,171,19,2,1
605,3,27,2,4,2,179,51,18,38,264.249,97,0,1,0,1,0,0,89,170,31,2,1
606,3,13,2,5,2,179,51,18,38,264.249,97,0,1,0,1,0,0,89,170,31,8,2
607,3,27,2,6,2,179,51,18,38,264.249,97,0,1,0,1,0,0,89,170,31,2,1
608,14,25,2,2,2,155,12,14,34,264.249,97,0,1,2,1,0,0,95,196,25,5,2
609,25,25,2,2,2,235,16,8,32,264.249,97,0,3,0,0,0,0,75,178,25,3,1
610,3,27,2,2,2,179,51,18,38,264.249,97,0,1,0,1,0,0,89,170,31,2,1
611,28,7,2,2,2,225,26,9,28,264.249,97,0,1,1,0,0,2,69,169,24,2,1
612,3,27,2,3,2,179,51,18,38,264.249,97,0,1,0,1,0,0,89,170,31,2,1
613,33,23,2,3,2,248,25,14,47,264.249,97,0,1,2,0,0,1,86,165,32,2,1
614,28,25,2,3,2,225,26,9,28,264.249,97,0,1,1,0,0,2,69,169,24,2,1
615,3,27,2,4,2,179,51,18,38,264.249,97,0,1,0,1,0,0,89,170,31,2,1
616,3,27,2,5,2,179,51,18,38,264.249,97,0,1,0,1,0,0,89,170,31,2,1
617,25,25,2,6,2,235,16,8,32,264.249,97,0,3,0,0,0,0,75,178,25,2,1
618,3,27,3,2,2,179,51,18,38,222.196,99,0,1,0,1,0,0,89,170,31,2,1
619,33,23,3,2,2,248,25,14,47,222.196,99,0,1,2,0,0,1,86,165,32,2,1
620,9,25,3,3,2,228,14,16,58,222.196,99,0,1,2,0,0,1,65,172,22,3,1
621,33,25,3,3,2,248,25,14,47,222.196,99,0,1,2,0,0,1,86,165,32,3,1
622,9,12,3,3,2,228,14,16,58,222.196,99,0,1,2,0,0,1,65,172,22,112,4
623,3,27,3,4,2,179,51,18,38,222.196,99,0,1,0,1,0,0,89,170,31,2,1
624,28,27,3,5,2,225,26,9,28,222.196,99,0,1,1,0,0,2,69,169,24,2,1
625,3,27,3,5,2,179,51,18,38,222.196,99,0,1,0,1,0,0,89,170,31,3,1
626,28,25,3,5,2,225,26,9,28,222.196,99,0,1,1,0,0,2,69,169,24,2,1
627,22,27,3,6,2,179,26,9,30,222.196,99,0,3,0,0,0,0,56,171,19,3,1
628,25,25,3,2,2,235,16,8,32,222.196,99,0,3,0,0,0,0,75,178,25,3,1
629,10,19,3,2,2,361,52,3,28,222.196,99,0,1,1,1,0,4,80,172,27,8,2
630,3,13,3,3,2,179,51,18,38,222.196,99,0,1,0,1,0,0,89,170,31,8,2
631,3,27,3,4,2,179,51,18,38,222.196,99,0,1,0,1,0,0,89,170,31,2,1
632,3,27,3,5,2,179,51,18,38,222.196,99,0,1,0,1,0,0,89,170,31,3,1
633,22,27,3,6,2,179,26,9,30,222.196,99,0,3,0,0,0,0,56,171,19,2,1
634,3,10,3,2,2,179,51,18,38,222.196,99,0,1,0,1,0,0,89,170,31,4,1
635,33,13,3,2,2,248,25,14,47,222.196,99,0,1,2,0,0,1,86,165,32,2,1
636,3,27,3,2,2,179,51,18,38,222.196,99,0,1,0,1,0,0,89,170,31,3,1
637,28,7,3,2,2,225,26,9,28,222.196,99,0,1,1,0,0,2,69,169,24,8,2
638,3,27,3,3,2,179,51,18,38,222.196,99,0,1,0,1,0,0,89,170,31,2,1
639,11,23,3,4,2,289,36,13,33,222.196,99,0,1,2,1,0,1,90,172,30,8,2
640,9,25,3,4,2,228,14,16,58,222.196,99,0,1,2,0,0,1,65,172,22,2,1
641,3,27,3,4,2,179,51,18,38,222.196,99,0,1,0,1,0,0,89,170,31,2,1
642,33,23,3,5,2,248,25,14,47,222.196,99,0,1,2,0,0,1,86,165,32,3,1
643,3,27,3,5,2,179,51,18,38,222.196,99,0,1,0,1,0,0,89,170,31,3,1
644,22,23,3,6,2,179,26,9,30,222.196,99,0,3,0,0,0,0,56,171,19,2,1
645,3,27,3,6,2,179,51,18,38,222.196,99,0,1,0,1,0,0,89,170,31,3,1
646,3,27,3,3,3,179,51,18,38,222.196,99,0,1,0,1,0,0,89,170,31,3,1
647,16,23,3,4,3,118,15,24,46,222.196,99,0,1,2,1,1,0,75,175,25,8,2
648,14,13,3,4,3,155,12,14,34,222.196,99,0,1,2,1,0,0,95,196,25,24,3
649,3,27,3,4,3,179,51,18,38,222.196,99,0,1,0,1,0,0,89,170,31,3,1
650,3,27,3,5,3,179,51,18,38,222.196,99,0,1,0,1,0,0,89,170,31,3,1
651,22,13,3,2,3,179,26,9,30,222.196,99,0,3,0,0,0,0,56,171,19,2,1
652,11,19,3,2,3,289,36,13,33,222.196,99,0,1,2,1,0,1,90,172,30,104,4
653,13,22,3,4,3,369,17,12,31,222.196,99,0,1,3,1,0,0,70,169,25,8,2
654,28,13,4,2,3,225,26,9,28,246.288,91,0,1,1,0,0,2,69,169,24,8,2
655,34,10,4,2,3,118,10,10,37,246.288,91,0,1,0,0,0,0,83,172,28,8,2
656,10,19,4,3,3,361,52,3,28,246.288,91,0,1,1,1,0,4,80,172,27,8,2
657,33,19,4,4,3,248,25,14,47,246.288,91,0,1,2,0,0,1,86,165,32,8,2
658,6,13,4,5,3,189,29,13,33,246.288,91,0,1,2,0,0,2,69,167,25,8,2
659,22,27,4,6,3,179,26,9,30,246.288,91,0,3,0,0,0,0,56,171,19,2,1
660,13,7,4,2,3,369,17,12,31,246.288,91,0,1,3,1,0,0,70,169,25,24,3
661,17,16,4,3,3,179,22,17,40,246.288,91,0,2,2,0,1,0,63,170,22,2,1
662,36,23,4,3,3,118,13,18,50,246.288,91,0,1,1,1,0,0,98,178,31,3,1
663,10,23,4,3,3,361,52,3,28,246.288,91,0,1,1,1,0,4,80,172,27,2,1
664,34,10,4,4,3,118,10,10,37,246.288,91,0,1,0,0,0,0,83,172,28,2,1
665,1,22,4,6,3,235,11,14,37,246.288,91,0,3,1,0,0,1,88,172,29,8,2
666,22,27,4,6,3,179,26,9,30,246.288,91,0,3,0,0,0,0,56,171,19,2,1
667,28,19,4,2,3,225,26,9,28,246.288,91,0,1,1,0,0,2,69,169,24,8,2
668,25,16,4,3,3,235,16,8,32,246.288,91,0,3,0,0,0,0,75,178,25,3,1
669,22,27,4,6,3,179,26,9,30,246.288,91,0,3,0,0,0,0,56,171,19,2,1
670,14,28,4,3,3,155,12,14,34,246.288,91,0,1,2,1,0,0,95,196,25,4,1
671,28,19,4,5,3,225,26,9,28,246.288,91,0,1,1,0,0,2,69,169,24,8,2
672,36,14,4,5,3,118,13,18,50,246.288,91,0,1,1,1,0,0,98,178,31,2,1
673,22,27,4,6,3,179,26,9,30,246.288,91,0,3,0,0,0,0,56,171,19,2,1
674,1,22,5,2,3,235,11,14,37,237.656,99,0,3,1,0,0,1,88,172,29,8,2
675,29,19,5,4,3,225,15,15,41,237.656,99,0,4,2,1,0,2,94,182,28,3,1
676,25,28,5,4,3,235,16,8,32,237.656,99,0,3,0,0,0,0,75,178,25,2,1
677,34,8,5,4,3,118,10,10,37,237.656,99,0,1,0,0,0,0,83,172,28,3,1
678,5,26,5,4,3,235,20,13,43,237.656,99,0,1,1,1,0,0,106,167,38,8,2
679,22,13,5,5,3,179,26,9,30,237.656,99,0,3,0,0,0,0,56,171,19,1,1
680,15,28,5,5,3,291,31,12,40,237.656,99,0,1,1,1,0,1,73,171,25,2,1
681,29,14,5,5,3,225,15,15,41,237.656,99,0,4,2,1,0,2,94,182,28,8,2
682,26,19,5,6,3,300,26,13,43,237.656,99,0,1,2,1,1,1,77,175,25,64,4
683,29,22,5,6,3,225,15,15,41,237.656,99,0,4,2,1,0,2,94,182,28,8,2
684,22,27,5,6,3,179,26,9,30,237.656,99,0,3,0,0,0,0,56,171,19,2,1
685,36,23,5,2,3,118,13,18,50,237.656,99,0,1,1,1,0,0,98,178,31,2,1
686,36,5,5,3,3,118,13,18,50,237.656,99,0,1,1,1,0,0,98,178,31,3,1
687,34,28,5,3,3,118,10,10,37,237.656,99,0,1,0,0,0,0,83,172,28,1,1
688,36,0,5,3,3,118,13,18,50,237.656,99,1,1,1,1,0,0,98,178,31,0,0
689,22,27,5,4,3,179,26,9,30,237.656,99,0,3,0,0,0,0,56,171,19,2,1
690,23,0,5,4,3,378,49,11,36,237.656,99,1,1,2,0,1,4,65,174,21,0,0
691,17,16,5,6,3,179,22,17,40,237.656,99,0,2,2,0,1,0,63,170,22,1,1
692,14,10,5,2,3,155,12,14,34,237.656,99,0,1,2,1,0,0,95,196,25,48,4
693,25,10,5,2,3,235,16,8,32,237.656,99,0,3,0,0,0,0,75,178,25,8,2
694,15,22,5,4,3,291,31,12,40,237.656,99,0,1,1,1,0,1,73,171,25,8,2
695,17,10,5,4,3,179,22,17,40,237.656,99,0,2,2,0,1,0,63,170,22,8,2
696,28,6,5,4,3,225,26,9,28,237.656,99,0,1,1,0,0,2,69,169,24,3,1
697,18,10,5,5,3,330,16,4,28,237.656,99,0,2,0,0,0,0,84,182,25,8,2
698,25,23,5,5,3,235,16,8,32,237.656,99,0,3,0,0,0,0,75,178,25,2,1
699,15,28,5,5,3,291,31,12,40,237.656,99,0,1,1,1,0,1,73,171,25,2,1
700,22,27,5,6,3,179,26,9,30,237.656,99,0,3,0,0,0,0,56,171,19,2,1
701,10,7,5,2,3,361,52,3,28,237.656,99,0,1,1,1,0,4,80,172,27,8,2
702,14,23,5,4,3,155,12,14,34,237.656,99,0,1,2,1,0,0,95,196,25,2,1
703,17,25,5,6,3,179,22,17,40,237.656,99,0,2,2,0,1,0,63,170,22,8,2
704,14,10,5,6,3,155,12,14,34,237.656,99,0,1,2,1,0,0,95,196,25,8,2
705,28,11,5,2,3,225,26,9,28,237.656,99,0,1,1,0,0,2,69,169,24,1,1
706,16,7,6,4,3,118,15,24,46,275.089,96,0,1,2,1,1,0,75,175,25,8,2
707,22,27,6,4,3,179,26,9,30,275.089,96,0,3,0,0,0,0,56,171,19,3,1
708,34,26,6,6,3,118,10,10,37,275.089,96,0,1,0,0,0,0,83,172,28,8,2
709,34,10,6,4,3,118,10,10,37,275.089,96,0,1,0,0,0,0,83,172,28,8,2
710,23,22,6,5,3,378,49,11,36,275.089,96,0,1,2,0,1,4,65,174,21,8,2
711,36,19,6,5,3,118,13,18,50,275.089,96,0,1,1,1,0,0,98,178,31,24,3
712,12,19,6,6,3,233,51,1,31,275.089,96,0,2,1,1,0,8,68,178,21,8,2
713,22,27,6,6,3,179,26,9,30,275.089,96,0,3,0,0,0,0,56,171,19,2,1
714,2,0,6,2,3,235,29,12,48,275.089,96,1,1,1,0,1,5,88,163,33,0,0
715,21,0,6,2,3,268,11,8,33,275.089,96,1,2,0,0,0,0,79,178,25,0,0
716,36,19,6,5,3,118,13,18,50,275.089,96,0,1,1,1,0,0,98,178,31,3,1
717,22,13,6,5,3,179,26,9,30,275.089,96,0,3,0,0,0,0,56,171,19,2,1
718,15,28,6,5,3,291,31,12,40,275.089,96,0,1,1,1,0,1,73,171,25,2,1
719,22,13,6,2,1,179,26,9,30,275.089,96,0,3,0,0,0,0,56,171,19,3,1
720,34,25,6,2,1,118,10,10,37,275.089,96,0,1,0,0,0,0,83,172,28,3,1
721,12,22,6,5,1,233,51,1,31,275.089,96,0,2,1,1,0,8,68,178,21,8,2
722,34,8,6,6,1,118,10,10,37,275.089,96,0,1,0,0,0,0,83,172,28,2,1
723,34,10,6,4,1,118,10,10,37,275.089,96,0,1,0,0,0,0,83,172,28,3,1
724,12,22,6,4,1,233,51,1,31,275.089,96,0,2,1,1,0,8,68,178,21,3,1
725,5,26,7,4,1,235,20,13,43,264.604,93,0,1,1,1,0,0,106,167,38,4,1
726,12,19,7,6,1,233,51,1,31,264.604,93,0,2,1,1,0,8,68,178,21,2,1
727,9,6,7,2,1,228,14,16,58,264.604,93,0,1,2,0,0,1,65,172,22,8,2
728,34,28,7,2,1,118,10,10,37,264.604,93,0,1,0,0,0,0,83,172,28,4,1
729,9,6,7,3,1,228,14,16,58,264.604,93,0,1,2,0,0,1,65,172,22,120,4
730,6,22,7,3,1,189,29,13,33,264.604,93,0,1,2,0,0,2,69,167,25,16,3
731,34,23,7,4,1,118,10,10,37,264.604,93,0,1,0,0,0,0,83,172,28,2,1
732,10,22,7,4,1,361,52,3,28,264.604,93,0,1,1,1,0,4,80,172,27,8,2
733,28,22,7,4,1,225,26,9,28,264.604,93,0,1,1,0,0,2,69,169,24,8,2
734,13,13,7,2,1,369,17,12,31,264.604,93,0,1,3,1,0,0,70,169,25,80,4
735,11,14,7,3,1,289,36,13,33,264.604,93,0,1,2,1,0,1,90,172,30,8,2
736,1,11,7,3,1,235,11,14,37,264.604,93,0,3,1,0,0,1,88,172,29,4,1
737,4,0,0,3,1,118,14,13,40,271.219,95,0,1,1,1,0,8,98,170,34,0,0
738,8,0,0,4,2,231,35,14,39,271.219,95,0,1,2,1,0,2,100,170,35,0,0
739,35,0,0,6,3,179,45,14,53,271.219,95,0,1,1,0,0,1,77,175,25,0,0
